id;first_name;last_name;email;phone_number
1;General;Schuppe;Aliya.Parker@gmail.com;freely league
2;Shayne;Johns;Joshuah_Cummerata@hotmail.com;since of maintainer
3;Griffin;Ziemann;Nora4@gmail.com;exactly blind self-assured
4;Johnpaul;Breitenberg;Merlin16@gmail.com;decode sympathetically
5;Prince;Schaefer;Marcus.Turner87@yahoo.com;searchingly until
6;Brent;Flatley;Joesph.Wyman@gmail.com;yellowish sore since
7;Adolfo;Kozey;Geovany_OHara90@yahoo.com;for
8;Chester;White;Neoma_Schaefer@hotmail.com;demobilise
9;Vivien;Breitenberg;Adela_Goodwin29@gmail.com;till overplay
10;Jarrod;Davis;Allan.Nicolas@gmail.com;likewise phooey
