id;name;contact_person;email;phone_number
1;lest pocket-watch;round upbeat;Jaylen_Paucek@yahoo.com;till
2;courageously tomorrow plus;physical;Edmond_Padberg-Spinka9@yahoo.com;curiously nerve
3;connect till uh-huh;nor blind overwork;Chelsey0@hotmail.com;sheathe carefree
4;judgementally yum;archaeology frantically whose;Kameron53@yahoo.com;lazy
5;incidentally abnormally;um slap;Shaun_Dickinson91@hotmail.com;hollow whereas clonk
6;venture whimsical contrail;yearly psst;Lorenz_Medhurst@hotmail.com;feminize probe
7;jubilantly;solemnly pfft lovingly;Lora.Bergnaum@gmail.com;shyly past
8;yowza upbeat given;once than paralyse;Bud_Casper@gmail.com;that
9;gleefully frizz truthfully;since safe;Helene.Smith@gmail.com;than squeaky plus
10;whether toward;see regarding yippee;Jerrell_Schaefer@yahoo.com;ugh infatuated despite
