id;title;body;sender;email;phone;content_jason
355d7bad-7a2b-43d7-ba18-f8f4eaa2b1f3;hm assured;gleefully wonderfully;airbus powerful oxidize;"s@y1.wKw";702-406-6304 x01748;westernise bell wretched
f74828ff-29f3-4f35-a334-134a3d0d9ef7;at round unripe;made-up fooey;whether oof;"r*J@5I%c.)S";(860) 821-0284 x13081;cheese accompany
3df617c1-a3ff-4f83-b4df-cd19dee33f62;cruelly positively elegant;economise;pop justly monstrous;"kMorX@r4;PD..";271-628-7411;since woot
ce3d21f6-45f4-4d64-ac6a-32b2be17fa1b;despite because officially;zowie near;meh glass;"V$`c8M@WBO.S{4?x";1-785-477-5480 x019;minus sudden barring
eb159720-0751-421a-9d92-d6e57af8f48e;behold scarcely;holster;out tenderly;"{Ak{@Z&>^,k..3";(726) 303-5043 x35746;lest
fbc27d81-25c0-4fd3-b4dd-80be7ab70b1d;hungrily;voluntarily;weakly furthermore harvest;"QNewP`@mBtOW.6?";514.687.3936 x34978;successfully uncover however
253fb273-9219-4029-8700-cc8674aecf76;gah;unabashedly;rarely;"p@s|Uu9.A:YM";926.727.0874;yippee flawless comfortable
86e5a65e-82df-430a-bb7f-c4a8d55d99b4;into snowplow;astride access;of dishonor tinted;"wNwA@3]g}.Co";1-626-516-8631 x453;blissfully duh whereas
20205269-0997-404c-8be0-d509cadff5c9;brook fathom;yowza ouch shy;of if;"A@D`{)G.M1cBU";1-508-468-8099 x3542;kissingly
6c6e1362-ae50-4903-8a81-474d6cd62998;deduce;surprisingly;ruin uniform;"A)@hHMRPE.e]]g";777-812-4778 x963;like across
