id;name;description_heitiga
e2add9d5-a13d-4ef0-92b8-b7fe3af4bdb8;busily;whirlwind bogus
4d2e6b82-ad5e-4923-8d2b-f29f2c8b4127;as;ad where intensely
d8039106-0b24-4ab4-93ed-2f3433494af9;round meh;wisely outside bolster
1f8a5461-002e-4c75-b5fb-b2ad013e444c;simple prudent regularly;indeed
f965fd89-1332-41ed-b497-e308167ab169;thread now safeguard;yahoo sneaky
86892034-2e07-4c52-839a-342aa58b9d69;license astonishing forgather;blah
1c44b010-a7bf-4c67-8360-7df952ce5848;pro;aw save pry
5104f56b-0838-4153-8b44-610ab46b865a;lest er;gadzooks potentially belabor
72e8f15c-b10b-415f-80b3-3632d632972d;moor roughly pish;what boo far-flung
933b62f3-3bc3-4746-8eb7-05bfd9658f1e;vision;like
