id;first_name;last_name;email;hire_date;position
1;Sunny;Parisian;Lenora_Will79@hotmail.com;2024-10-21T07:30:15;decongestant antagonize who
2;Alfreda;Walsh;Dandre40@yahoo.com;2024-10-21T03:15:43;really
3;Bonita;Erdman;Rowena_Torp@yahoo.com;2024-10-21T11:33:03;ah repeat
4;Ara;Howe;Bobby34@hotmail.com;2024-10-21T07:32:18;during patiently
5;Carson;Jerde;Gus_Strosin@gmail.com;2024-10-21T00:45:48;object ack
6;Karine;Klein;Alexandria25@yahoo.com;2024-10-21T06:22:14;before so
7;Julian;Kuhic-Wisoky;Addie83@yahoo.com;2024-10-21T15:05:59;independence when as
8;Clovis;Littel;Tito.Fritsch@hotmail.com;2024-10-20T19:59:37;venom cautiously fatal
9;Alanis;Miller;Jameson.Schimmel21@hotmail.com;2024-10-21T09:38:13;worriedly
10;Rey;Herzog;Mozelle75@gmail.com;2024-10-21T00:45:02;quaintly
