id;name;slug;description;permission_grid_jason
1;however;rule impact pace;govern;avow source
2;bah curiously;gust lid than;like ecstatic nimble;scar floss sting
3;righteously instead vivaciously;video up junior;ugh strict which;trek gadzooks produce
4;procurement filter concerning;pleasant;negotiation disrespect fragrant;though hidden
5;jealously;gosh gee;around wherever supposing;ack bus
6;fatally lid kiss;tensely lest;goodwill;ouch
7;yum;joyously;storyboard;why
8;righteously;hawk;accentuate;who lazily
9;compromise before zowie;awesome as airbus;below absent;yuck tenderly
10;until stabilise aside;impeccable rightfully;until ah;of mill train
